index,timestamp,open,high,low,close,volume
0,1562284800.0,0.00449,0.0046,0.00355,0.0038701,1928297660.0
1,1562371200.0,0.0038740999999999997,0.0039426,0.0033652,0.0035,1010744287.0
2,1562457600.0,0.0035039999999999997,0.0036500000000000005,0.0034000000000000002,0.0035377,530613992.0
3,1562544000.0,0.0035378,0.0035618,0.0034000000000000002,0.0034579999999999997,308445688.0
4,1562630400.0,0.003462,0.0035819999999999997,0.0033564,0.0034544999999999997,253375582.0
5,1562716800.0,0.0034576,0.0035294,0.003251,0.0033420999999999998,241274866.0
6,1562803200.0,0.0033358,0.0033395,0.0030908999999999997,0.003209,202811394.0
7,1562889600.0,0.0032105,0.0033598,0.0031562,0.0032622,228622573.0
8,1562976000.0,0.0032626,0.0032653,0.0031358,0.0032532,110731940.0
9,1563062400.0,0.0032473999999999997,0.0032787999999999997,0.0029008,0.0029175,216658454.0
10,1563148800.0,0.0029175,0.0031354,0.0028011,0.0030712,220027648.0
11,1563235200.0,0.0030624,0.0031008999999999998,0.0027323,0.0027994,159080438.0
12,1563321600.0,0.0027995,0.002986,0.0027063,0.0028821999999999997,320691294.0
13,1563408000.0,0.0028663,0.0031251,0.0027797,0.0030979,263423204.0
14,1563494400.0,0.0031008,0.0031068,0.0029202,0.0030231999999999998,101195703.0
15,1563580800.0,0.0030131,0.0031528,0.003,0.0030786999999999998,106012025.0
16,1563667200.0,0.0030700999999999997,0.0031271999999999997,0.0029871999999999998,0.0030467999999999997,59882988.0
17,1563753600.0,0.0030532999999999997,0.0030816,0.0029200000000000003,0.0029567,92581872.0
18,1563840000.0,0.0029567,0.0029567,0.002816,0.0028192,161810410.0
19,1563926400.0,0.0028195,0.0028818999999999997,0.0027629,0.0028740999999999997,68490381.0
20,1564012800.0,0.0028555,0.0029487,0.0028476,0.0028656,149944114.0
21,1564099200.0,0.0028656,0.0029032999999999997,0.0028177,0.0028798,29517748.0
22,1564185600.0,0.00289,0.0029600000000000004,0.0027551,0.0028047,86758314.0
23,1564272000.0,0.0027973,0.0028136999999999997,0.0027259999999999997,0.0027932,49225120.0
24,1564358400.0,0.0027884,0.002884,0.0027637,0.0027662999999999997,65013586.0
25,1564444800.0,0.0027662999999999997,0.00288,0.0027457,0.0027884999999999997,60008976.0
26,1564531200.0,0.0027949,0.0028761,0.0027889,0.0028583,58120004.0
27,1564617600.0,0.0028571,0.0030616999999999997,0.0028247999999999997,0.0029004,85256838.0
28,1564704000.0,0.0029004,0.0029272,0.002861,0.0028996,64329108.0
29,1564790400.0,0.0028951,0.002949,0.0028767999999999997,0.0028994,54942112.0
30,1564876800.0,0.0028999,0.0029985,0.0028423999999999997,0.0029222,88247046.0
31,1564963200.0,0.0029196,0.0031998,0.0029196,0.0030428,213937390.0
32,1565049600.0,0.0030443,0.003084,0.0029124,0.0029557,128970146.0
33,1565136000.0,0.0029568999999999997,0.0030399,0.0028759,0.0029855999999999997,116634874.0
34,1565222400.0,0.0029971999999999998,0.0029971999999999998,0.0028544,0.0029635,72936578.0
35,1565308800.0,0.0029725,0.0029725,0.0028374999999999997,0.002913,53069425.0
36,1565395200.0,0.0029211,0.0029432,0.0028085,0.00285,40358430.0
37,1565481600.0,0.00285,0.0028994999999999997,0.0028281,0.0028874,48121732.0
38,1565568000.0,0.0028893,0.0028999,0.0028455,0.0028515999999999997,37974663.0
39,1565654400.0,0.0028526999999999997,0.0028642999999999997,0.0027802,0.0028339,47685418.0
40,1565740800.0,0.0028342999999999997,0.0028399,0.0027,0.0027161,89470204.0
41,1565827200.0,0.0027229999999999997,0.0027695,0.0025578,0.0025916,83406275.0
42,1565913600.0,0.0025813,0.002718,0.0025112,0.0026509999999999997,71483283.0
43,1566000000.0,0.0026479999999999997,0.0026631999999999997,0.0025778,0.0026251,48842468.0
44,1566086400.0,0.0026254,0.0027213999999999997,0.002587,0.002695,101432503.0
45,1566172800.0,0.0026922,0.0028146,0.0026676,0.0027816,111202618.0
46,1566259200.0,0.0027787,0.0027849999999999997,0.0026798,0.002712,29889824.0
47,1566345600.0,0.002712,0.0027153,0.0025632999999999997,0.0026398,67428707.0
48,1566432000.0,0.0026403999999999998,0.0027164999999999997,0.0025526999999999998,0.0026458,70942538.0
49,1566518400.0,0.0026486,0.002693,0.0026153,0.0026668,49673949.0
50,1566604800.0,0.0026644,0.0026785,0.0025647,0.0026222,61164375.0
51,1566691200.0,0.0026274,0.002666,0.002582,0.0026237,59937736.0
52,1566777600.0,0.0026192,0.0027048,0.0025931,0.0026409,75309430.0
53,1566864000.0,0.002637,0.0026400000000000004,0.0025762999999999997,0.0025992999999999997,57813268.0
54,1566950400.0,0.0026014,0.0026014,0.0024771999999999997,0.0024965,73252773.0
55,1567036800.0,0.0024955999999999997,0.0024958,0.002339,0.0024243999999999997,101148551.0
56,1567123200.0,0.0024421,0.0024939,0.0023879,0.0024449,37512207.0
57,1567209600.0,0.0024517,0.0024878,0.0024118,0.0024527999999999998,36338319.0
58,1567296000.0,0.0024519999999999998,0.0024851,0.0024108999999999997,0.0024603,35956148.0
59,1567382400.0,0.0024635,0.0026167,0.0024376999999999997,0.0025881999999999997,53572010.0
60,1567468800.0,0.002591,0.0026054,0.0025312999999999998,0.0025593,64679806.0
61,1567555200.0,0.0025647,0.0025710999999999998,0.0025,0.0025096999999999997,32789886.0
62,1567641600.0,0.0025220999999999998,0.0025220999999999998,0.0024589,0.0024909,44318276.0
63,1567728000.0,0.0024897,0.0025054,0.0024000000000000002,0.0024700000000000004,81836503.0
64,1567814400.0,0.0024503999999999997,0.0025069999999999997,0.0024029,0.0024541999999999997,79415288.0
65,1567900800.0,0.0024649999999999997,0.0025306,0.0024000000000000002,0.0024584999999999997,89538969.0
66,1567987200.0,0.0024453,0.0024692,0.0024000000000000002,0.0024351,61000344.0
67,1568073600.0,0.0024351,0.0024611999999999998,0.0023848999999999997,0.0024185,33219768.0
68,1568160000.0,0.0024193,0.0024386,0.0023601,0.0023891999999999997,52887165.0
69,1568246400.0,0.0023912,0.002431,0.0023265,0.0023928,48542765.0
70,1568332800.0,0.0023906,0.0024128,0.00236,0.002399,35317492.0
71,1568419200.0,0.0024089,0.002437,0.0023701,0.0024192,33725888.0
72,1568505600.0,0.0024232999999999998,0.0024851,0.00239,0.0024259999999999998,68647235.0
73,1568592000.0,0.0024249,0.0024765,0.0023978,0.0024308999999999997,53894420.0
74,1568678400.0,0.0024316,0.0026200000000000004,0.0024100000000000002,0.002594,135069011.0
75,1568764800.0,0.0025972,0.0028103,0.0025526999999999998,0.0027015,344364326.0
76,1568851200.0,0.0027028,0.0027321999999999997,0.00254,0.0027083,161540615.0
77,1568937600.0,0.0027061999999999998,0.0027061999999999998,0.0026146999999999998,0.0026497,70347331.0
78,1569024000.0,0.0026497,0.0026619,0.002539,0.0025772,76693753.0
79,1569110400.0,0.0025700000000000002,0.0025989999999999997,0.0025173,0.002562,92043003.0
80,1569196800.0,0.0025697,0.0025719,0.0024473999999999997,0.0024473999999999997,76897524.0
81,1569283200.0,0.0024473999999999997,0.0024730999999999998,0.0019317,0.00219,155910476.0
82,1569369600.0,0.0021893,0.0022240999999999997,0.0020664999999999998,0.0021757,110825983.0
83,1569456000.0,0.0021693,0.0022375,0.0020185,0.0021395999999999997,204393624.0
84,1569542400.0,0.0021348,0.002199,0.0020985,0.0021723,88331166.0
85,1569628800.0,0.002176,0.002232,0.0021401,0.0021974,75661286.0
86,1569715200.0,0.0022033,0.0022399,0.0021235,0.0021854,79511131.0
87,1569801600.0,0.002203,0.0024733,0.0021264,0.0023747,263988602.0
88,1569888000.0,0.0023791,0.0025001,0.0023473,0.0023503,151860063.0
89,1569974400.0,0.0023561,0.0023691999999999997,0.0022808999999999998,0.002323,88034436.0
90,1570060800.0,0.002323,0.002325,0.0022353,0.0022976999999999997,81022529.0
91,1570147200.0,0.0022979999999999997,0.002325,0.0022397999999999997,0.0022892999999999998,52314904.0
92,1570233600.0,0.0022881999999999998,0.0023051,0.0022613999999999998,0.0022922,53899895.0
93,1570320000.0,0.0022992999999999998,0.0023048,0.0022275,0.0022677,72718151.0
94,1570406400.0,0.0022659,0.0023653999999999997,0.0022367999999999997,0.0023309999999999997,69936960.0
95,1570492800.0,0.0023298,0.0023649,0.0022783,0.0023095999999999998,89953557.0
96,1570579200.0,0.0023095999999999998,0.0023652,0.0022467,0.0023522,128533706.0
97,1570665600.0,0.002346,0.0023512,0.0022927,0.0023,74485978.0
98,1570752000.0,0.002297,0.0023411,0.002225,0.0022909,61631506.0
99,1570838400.0,0.002288,0.0023309999999999997,0.0022751,0.0023196,70374904.0
100,1570924800.0,0.002319,0.0026349,0.0023095999999999998,0.0024316999999999997,506106744.0
101,1571011200.0,0.0024311999999999997,0.0027500000000000003,0.0024067,0.0025415,1281613616.0
102,1571097600.0,0.0025482,0.0025800000000000003,0.0024652,0.0024963999999999997,142270876.0
103,1571184000.0,0.0024957,0.0026228,0.0024851,0.0026162,271043906.0
104,1571270400.0,0.0026117,0.002974,0.0025778,0.0027405,673256287.0
105,1571356800.0,0.002735,0.0028664999999999997,0.0026311,0.0026952,262101555.0
106,1571443200.0,0.0026944,0.0027949,0.0026467,0.0027175999999999997,103435078.0
107,1571529600.0,0.0027179,0.0027575,0.0026406999999999997,0.0027151,113305480.0
108,1571616000.0,0.0027079,0.0029500000000000004,0.0025758,0.0026879,287285773.0
109,1571702400.0,0.0026884,0.0027297,0.0025085,0.0025310999999999997,948366683.0
110,1571788800.0,0.0025386,0.002565,0.0021000000000000003,0.0024746,399964920.0
111,1571875200.0,0.0024805,0.00255,0.0024000000000000002,0.0025183,176236372.0
112,1571961600.0,0.0025183,0.0027799,0.0024652,0.0026693999999999997,330206126.0
113,1572048000.0,0.0026693999999999997,0.002898,0.0025577,0.0025924999999999998,327792551.0
114,1572134400.0,0.0026061,0.0029541999999999997,0.00256,0.0026400000000000004,203666784.0
115,1572220800.0,0.0026400000000000004,0.0027500000000000003,0.0026233999999999997,0.0026265,179647401.0
116,1572307200.0,0.0026379,0.0026952,0.0026149999999999997,0.0026249999999999997,136659517.0
117,1572393600.0,0.0026249999999999997,0.0026649,0.0025583999999999997,0.0025935999999999997,202095484.0
118,1572480000.0,0.0025891,0.0026357,0.0025472999999999997,0.0025843999999999997,93293235.0
119,1572566400.0,0.0025811,0.002675,0.0025521999999999997,0.0025932,48308176.0
120,1572652800.0,0.0025994,0.0026114,0.0025463,0.0025773,136199748.0
121,1572739200.0,0.0025965999999999997,0.0026368999999999997,0.0025426999999999997,0.0025861,94348909.0
122,1572825600.0,0.0025802999999999998,0.0026000000000000003,0.002538,0.0025751,89131455.0
123,1572912000.0,0.0025751,0.0026045,0.0025501,0.0025927,89896615.0
124,1572998400.0,0.0025881,0.0026100000000000003,0.00255,0.0025951999999999998,78525806.0
125,1573084800.0,0.0025942,0.0027448999999999998,0.0025694,0.0026982,389579342.0
126,1573171200.0,0.002704,0.0027096,0.002535,0.0026381,140343464.0
127,1573257600.0,0.0026441999999999998,0.0027351,0.0026079,0.0027126,355378242.0
128,1573344000.0,0.0027078,0.0027849,0.0026647,0.0027565,305203814.0
129,1573430400.0,0.0027653,0.0027687,0.002646,0.002705,145629942.0
130,1573516800.0,0.0027042,0.0027244,0.0026455999999999997,0.0027078,116799812.0
131,1573603200.0,0.0027078,0.0027078,0.0026316,0.0026820999999999998,140516822.0
132,1573689600.0,0.0026750999999999997,0.0026861999999999997,0.0025991,0.002662,99444648.0
133,1573776000.0,0.002665,0.00271,0.0025767,0.0026579999999999998,196496664.0
134,1573862400.0,0.0026504,0.0027,0.0026164,0.0026606,184465713.0
135,1573948800.0,0.0026517,0.0026619,0.0025892999999999997,0.0026257999999999997,81768446.0
136,1574035200.0,0.0026159,0.0026298999999999997,0.0025001999999999997,0.0025395,72203979.0
137,1574121600.0,0.0025350999999999998,0.0025380999999999997,0.0024882999999999997,0.0025165,60867796.0
138,1574208000.0,0.0025206,0.0025900000000000003,0.0025065,0.0025225,51326120.0
139,1574294400.0,0.0025209,0.0025302,0.0023,0.0024063,139844659.0
140,1574380800.0,0.0024059,0.0024426,0.0021733,0.0023523999999999997,165526781.0
141,1574467200.0,0.0023528,0.0024000000000000002,0.0022612,0.0023994,172491867.0
142,1574553600.0,0.0023891999999999997,0.0023891999999999997,0.0022323,0.0022329999999999997,116673800.0
143,1574640000.0,0.0022367999999999997,0.0023206,0.002081,0.0022539,150700812.0
144,1574726400.0,0.0022474,0.0023128,0.0022267,0.0022662999999999997,46658505.0
145,1574812800.0,0.0022662999999999997,0.00236,0.0021866,0.0023208,98287760.0
146,1574899200.0,0.0023152999999999997,0.00236,0.0022613999999999998,0.0022719999999999997,98429449.0
147,1574985600.0,0.0022735,0.0023733,0.0022722,0.0023593,98438924.0
148,1575072000.0,0.0023593,0.0023607,0.0022711,0.0022918,59323424.0
149,1575158400.0,0.0022919999999999998,0.0023041,0.0022323,0.0022648,71868565.0
150,1575244800.0,0.0022708,0.0022708,0.0021587999999999998,0.0022194,163746405.0
151,1575331200.0,0.0022209,0.0022366,0.0021504,0.0021782,189360213.0
152,1575417600.0,0.0021731,0.002245,0.0021123,0.0021682,259311714.0
153,1575504000.0,0.0021717,0.0022199,0.0021406,0.0021755,75250597.0
154,1575590400.0,0.0021704999999999997,0.0022416,0.0021000999999999997,0.0021944,132923213.0
155,1575676800.0,0.0021893999999999998,0.0022504,0.0021601,0.0021839999999999997,61735171.0
156,1575763200.0,0.0021834,0.0022499,0.00215,0.0021971,56793315.0
157,1575849600.0,0.0021968,0.0022182,0.0021624,0.0021698999999999998,56493155.0
158,1575936000.0,0.0021635,0.002215,0.0020903,0.0021368,116186991.0
159,1576022400.0,0.0021402,0.0021739999999999997,0.0021079,0.0021379,86454061.0
160,1576108800.0,0.0021514999999999998,0.0021688,0.0021165999999999997,0.0021344,55721062.0
161,1576195200.0,0.0021348,0.0022245,0.0021051,0.0021321,105233189.0
162,1576281600.0,0.0021273999999999998,0.0022933,0.002048,0.0021127,97345597.0
163,1576368000.0,0.0021127,0.0022,0.0020938,0.0021363,61190730.0
164,1576454400.0,0.0021363,0.002177,0.0020705,0.002087,99814375.0
165,1576540800.0,0.0020835,0.0021318,0.0019348999999999998,0.0019771999999999997,209772941.0
166,1576627200.0,0.0019771999999999997,0.0020867999999999998,0.0019,0.0020483,444442268.0
167,1576713600.0,0.0020541,0.00218,0.0019819,0.0020204999999999997,91905080.0
168,1576800000.0,0.0020241,0.002065,0.0019933,0.0020273,58972845.0
169,1576886400.0,0.0020275,0.0020675999999999997,0.0020090999999999998,0.00204,83070907.0
170,1576972800.0,0.00204,0.0020859,0.00202,0.0020808,97517875.0
171,1577059200.0,0.0020848,0.0021260999999999997,0.0020276,0.002051,187366372.0
172,1577145600.0,0.0020469999999999998,0.0020545999999999997,0.002002,0.0020184,61042421.0
173,1577232000.0,0.0020169999999999997,0.0020591,0.0019938,0.00204,108851438.0
174,1577318400.0,0.0020331,0.0020545,0.0020012999999999997,0.0020245,81831506.0
175,1577404800.0,0.0020172,0.0020426,0.0019901,0.0020277,145246366.0
176,1577491200.0,0.0020277,0.0020624,0.0020277,0.0020458,48401004.0
177,1577577600.0,0.0020458,0.0020609,0.0020258999999999997,0.0020329,50528679.0
178,1577664000.0,0.0020391,0.0020585,0.0020123,0.0020264,76749919.0
179,1577750400.0,0.002019,0.0020299,0.0019862,0.0020135,131083309.0
180,1577836800.0,0.0020136,0.002039,0.0020001,0.0020245,31462868.0
181,1577923200.0,0.0020245,0.00204,0.0019485,0.0019951,191887309.0
182,1578009600.0,0.0019986,0.0020358999999999998,0.0019675,0.0020236,109005714.0
183,1578096000.0,0.0020185,0.0021035,0.002015,0.0020579,123468609.0
184,1578182400.0,0.0020589,0.0020922,0.0020361,0.0020696,66437147.0
185,1578268800.0,0.0020721999999999997,0.0021345,0.0020691999999999998,0.0021344,108507039.0
186,1578355200.0,0.0021333,0.0021847,0.0020777,0.002175,121470207.0
187,1578441600.0,0.0021687,0.0022263,0.0020701,0.0020886,205791636.0
188,1578528000.0,0.0020934,0.0021633,0.0020642,0.0021282,80515080.0
189,1578614400.0,0.0021322999999999997,0.0022023999999999998,0.0020983,0.0021972999999999997,222205607.0
190,1578700800.0,0.0022007,0.002225,0.0021651,0.0021754,94223943.0
191,1578787200.0,0.0021671,0.0022133,0.002155,0.0021963,49775170.0
192,1578873600.0,0.0022026,0.0022049,0.0021652,0.0021704,66668055.0
193,1578960000.0,0.0021655999999999997,0.0023955,0.0021652999999999998,0.0023580999999999997,297610208.0
194,1579046400.0,0.0023493,0.0024912999999999997,0.0023204,0.0023669,262905054.0
195,1579132800.0,0.002376,0.0023768,0.0022871,0.0023276,98583989.0
196,1579219200.0,0.0023343,0.0025035,0.0023159,0.0024868,280388650.0
197,1579305600.0,0.0024855,0.0025225,0.0024441,0.0025115,191378707.0
198,1579392000.0,0.0025137,0.0025832999999999997,0.0023269,0.0023982,161012185.0
199,1579478400.0,0.0023999,0.002427,0.0023468,0.002376,95126694.0
200,1579564800.0,0.002376,0.0023952,0.0023206,0.0023672999999999997,130661575.0
201,1579651200.0,0.0023583,0.0023904,0.0023353,0.0023434,72204081.0
202,1579737600.0,0.002343,0.0023477999999999997,0.002225,0.0022513999999999998,120187526.0
203,1579824000.0,0.002255,0.0022884999999999997,0.0021968,0.0022697999999999998,72913429.0
204,1579910400.0,0.0022706,0.0022708,0.0022264999999999997,0.002251,74227952.0
205,1579996800.0,0.0022497,0.0023090999999999997,0.0022364,0.0022854,62787676.0
206,1580083200.0,0.002291,0.0024270999999999997,0.0022559999999999998,0.0023593999999999998,189983953.0
207,1580169600.0,0.0023593999999999998,0.0024437,0.00235,0.0024411999999999997,132996335.0
208,1580256000.0,0.0024427,0.0024476999999999997,0.002371,0.0023864999999999997,113185519.0
209,1580342400.0,0.0023864999999999997,0.0024243,0.0023544,0.002414,78294104.0
210,1580428800.0,0.0024164,0.0024449999999999997,0.002362,0.0023775999999999997,106455643.0
211,1580515200.0,0.0023775999999999997,0.002417,0.002373,0.002417,69780779.0
212,1580601600.0,0.0024118,0.0025017999999999998,0.0023985,0.0024406,140214787.0
213,1580688000.0,0.0024397,0.0024998999999999998,0.0024132999999999997,0.0024156,147181393.0
214,1580774400.0,0.0024167,0.0025177999999999997,0.002398,0.0025169,243323349.0
215,1580860800.0,0.0025169,0.0026333999999999997,0.0024722999999999998,0.0025826,456737744.0
216,1580947200.0,0.0025823,0.0026896,0.0025696,0.0026654,245310854.0
217,1581033600.0,0.0026642,0.0028,0.00265,0.0027887999999999997,266969073.0
218,1581120000.0,0.0027997,0.0032673999999999997,0.0027213999999999997,0.0031709999999999998,1122954168.0
219,1581206400.0,0.0031745,0.00489,0.003078,0.0032235,1307461248.0
220,1581292800.0,0.0032155,0.0032819,0.0028417,0.0029663,810781064.0
221,1581379200.0,0.0029617999999999997,0.0030946,0.0028388,0.00303,584824864.0
222,1581465600.0,0.00303,0.0031568,0.003,0.0030589,621222834.0
223,1581552000.0,0.0030599,0.00321,0.0029443,0.0030131999999999997,570152846.0
224,1581638400.0,0.0030098,0.0031382999999999997,0.0029755999999999997,0.0031067,305515579.0
225,1581724800.0,0.0031098999999999996,0.0031769,0.00284,0.0029031,320372009.0
226,1581811200.0,0.0028981,0.0029621,0.0026022999999999997,0.0027522,417846263.0
227,1581897600.0,0.0027475,0.0027561,0.0025241,0.0026999,273787797.0
228,1581984000.0,0.0026819,0.0028656,0.0026538,0.0028285999999999997,344021674.0
229,1582070400.0,0.0028349,0.0028615,0.0025623,0.0026084999999999997,156007562.0
230,1582156800.0,0.002603,0.0029909,0.0025415,0.002653,268076623.0
231,1582243200.0,0.00265,0.002712,0.0025891,0.0026481,153113913.0
232,1582329600.0,0.0026468999999999998,0.0026533,0.0025719,0.0025886999999999998,107733066.0
233,1582416000.0,0.0025905,0.00268,0.0025905,0.0026772,85158189.0
234,1582502400.0,0.0026744,0.0026822,0.0025436,0.0025769,123771852.0
235,1582588800.0,0.0025831,0.0025831,0.0023977,0.0024733999999999997,256619298.0
236,1582675200.0,0.0024733,0.0024863999999999997,0.0021861999999999997,0.0023439,305716693.0
237,1582761600.0,0.0023406,0.0024164,0.0023,0.0023255,164177168.0
238,1582848000.0,0.0023255,0.00237,0.0022161,0.0022822999999999997,99076087.0
239,1582934400.0,0.0022822999999999997,0.0023197,0.0022112,0.0022153,84399218.0
240,1583020800.0,0.0022202,0.00231,0.0022004,0.0022794,116810334.0
241,1583107200.0,0.0022688,0.0023791999999999997,0.0022205,0.0023471,96449244.0
242,1583193600.0,0.002358,0.0025355,0.0023082,0.0024985,276081118.0
243,1583280000.0,0.0025031,0.0025033,0.00237,0.0024186999999999998,201587827.0
244,1583366400.0,0.0024251,0.00253,0.0024222,0.0024771,122219349.0
245,1583452800.0,0.0024773,0.0024998999999999998,0.0024373999999999997,0.0024862,63303104.0
246,1583539200.0,0.0024862,0.0024939999999999997,0.0023921999999999997,0.0024066,112331024.0
247,1583625600.0,0.0024029,0.0024039,0.00215,0.0021671,181080658.0
248,1583712000.0,0.0021714,0.0022269,0.0020800000000000003,0.0022202999999999997,229780847.0
249,1583798400.0,0.0022261,0.0022641,0.0021533,0.0022053,225779527.0
250,1583884800.0,0.0022021,0.0022180999999999998,0.0020911,0.0021716,128060172.0
251,1583971200.0,0.0021758999999999997,0.0021804999999999997,0.0014003,0.0015995999999999999,770809996.0
252,1584057600.0,0.0014971,0.0017957,0.0011344999999999999,0.001746,372647948.0
253,1584144000.0,0.0017226,0.0017771,0.001633,0.0016631999999999999,224230347.0
254,1584230400.0,0.0016603,0.0018329,0.0016294999999999999,0.0016932,183272920.0
255,1584316800.0,0.0016902999999999998,0.0017000000000000001,0.0013478,0.0015817,232810549.0
256,1584403200.0,0.0015926999999999998,0.0016872999999999999,0.0015459999999999998,0.0016219,120269653.0
257,1584489600.0,0.0016219,0.0016428,0.0015442,0.0016002,153194705.0
258,1584576000.0,0.0016002,0.0018395,0.001565,0.00177,315677300.0
259,1584662400.0,0.00176,0.0019360999999999998,0.0016412,0.0017802,301406598.0
260,1584748800.0,0.0017758,0.0018533,0.0016963999999999998,0.0017848999999999999,120948576.0
261,1584835200.0,0.0017897,0.0018447,0.0017155,0.0017264,156027627.0
262,1584921600.0,0.0017222,0.0018575999999999998,0.0016843,0.0018192,180308460.0
263,1585008000.0,0.001826,0.001916,0.0018047,0.0018640999999999998,283137113.0
264,1585094400.0,0.0018510999999999998,0.0018946999999999998,0.0017900000000000001,0.0018296,170824524.0
265,1585180800.0,0.0018296,0.0018673,0.0018111,0.0018518999999999999,151160373.0
266,1585267200.0,0.001847,0.0018700000000000001,0.0017407999999999998,0.0017766,195811269.0
267,1585353600.0,0.0017754,0.0018089999999999998,0.0016981,0.0017829999999999999,314932329.0
268,1585440000.0,0.0017929999999999999,0.0018001,0.0017017999999999998,0.0017098999999999999,156054263.0
269,1585526400.0,0.0017201999999999999,0.0019,0.001709,0.0017957,116199882.0
270,1585612800.0,0.0017993999999999998,0.0018285999999999999,0.001792,0.0018040999999999999,67786701.0
271,1585699200.0,0.0018000000000000002,0.0018743,0.0017659,0.0018631,152034474.0
272,1585785600.0,0.0018636999999999998,0.0019500000000000001,0.0018405,0.0018777,146749302.0
273,1585872000.0,0.0018701,0.0019048,0.0018204999999999999,0.0018467,97617758.0
274,1585958400.0,0.0018467,0.0019084999999999998,0.001828,0.0018697,92364705.0
275,1586044800.0,0.0018744999999999999,0.0018816999999999998,0.0018380999999999998,0.00185,55344996.0
276,1586131200.0,0.0018468999999999998,0.0019901,0.0018442999999999999,0.0019896,210552139.0
277,1586217600.0,0.0019894,0.0020209,0.0019501,0.0019943,202961221.0
278,1586304000.0,0.0019966,0.0020426,0.001967,0.0020038,90384907.0
279,1586390400.0,0.0020036999999999998,0.0020453999999999997,0.0019852,0.0020150999999999997,89094012.0
280,1586476800.0,0.0020226,0.0020356,0.0018729999999999999,0.0019649999999999997,212989247.0
281,1586563200.0,0.0019654,0.00201,0.0019348999999999998,0.0019645,76732837.0
282,1586649600.0,0.0019679999999999997,0.002012,0.0019391999999999999,0.0019673,114627907.0
283,1586736000.0,0.0019641,0.001976,0.0018598,0.0019533,185252284.0
284,1586822400.0,0.0019533,0.001977,0.0019314999999999998,0.0019656,67401911.0
285,1586908800.0,0.0019646,0.0019730999999999998,0.0018900000000000002,0.0019061,143735234.0
286,1586995200.0,0.001903,0.00203,0.0018721999999999999,0.001995,151063706.0
287,1587081600.0,0.0020001999999999997,0.0020047,0.001974,0.001983,55401970.0
288,1587168000.0,0.0019886,0.0020962,0.00198,0.0020445,92775767.0
289,1587254400.0,0.0020463,0.0020721999999999997,0.0019977,0.0020312999999999998,70450538.0
290,1587340800.0,0.0020311,0.0020499,0.0019353999999999999,0.0019787,180876115.0
291,1587427200.0,0.0019687999999999997,0.002,0.00193,0.0019500000000000001,85730979.0
292,1587513600.0,0.0019497,0.00205,0.0019425,0.0019957,72581197.0
293,1587600000.0,0.002,0.0021612,0.0019886,0.0020512,243115927.0
294,1587686400.0,0.0020449,0.0021075,0.0020431,0.0020832,75266362.0
295,1587772800.0,0.0020829999999999998,0.0021533,0.0020682,0.0021245,173120551.0
296,1587859200.0,0.0021303,0.0024479,0.0021283,0.0024075999999999998,804586311.0
297,1587945600.0,0.0024032,0.0024137,0.0022821,0.0023455999999999998,475335023.0
298,1588032000.0,0.0023458999999999997,0.0023565,0.0023,0.002327,168260399.0
299,1588118400.0,0.0023178,0.002542,0.0023066,0.0024912,354821868.0
300,1588204800.0,0.0024912,0.0026904,0.0023585,0.002433,551825570.0
301,1588291200.0,0.0024224999999999997,0.0025466,0.0024176,0.0024749,220229951.0
302,1588377600.0,0.0024782,0.0025574,0.0024500999999999998,0.002542,148558121.0
303,1588464000.0,0.0025393,0.0025800000000000003,0.0024600000000000004,0.0025001,167590125.0
304,1588550400.0,0.0025011,0.0025093999999999997,0.0023374999999999997,0.0024605,151515338.0
305,1588636800.0,0.0024717,0.0025183,0.0024265999999999997,0.0024738,83336304.0
306,1588723200.0,0.0024776,0.0025623,0.0024572,0.0024801,180927494.0
307,1588809600.0,0.00248,0.0026975,0.002459,0.0026627,366483103.0
308,1588896000.0,0.0026631999999999997,0.0026893999999999998,0.0025700000000000002,0.0026052,259386572.0
309,1588982400.0,0.0026157,0.0026452999999999997,0.00251,0.0026075,216543474.0
310,1589068800.0,0.0025986,0.0025986,0.0022424999999999997,0.0024602,321215093.0
311,1589155200.0,0.0024432,0.0025372999999999997,0.0022957,0.0024124999999999997,192928752.0
312,1589241600.0,0.0024045,0.0025131999999999997,0.0023993,0.0024606,107312600.0
313,1589328000.0,0.0024605,0.0025425,0.0024433,0.0025245,168041623.0
314,1589414400.0,0.0025191,0.00265,0.0025,0.0025813,315454837.0
315,1589500800.0,0.0025727,0.0025827999999999997,0.0024600000000000004,0.0024887999999999998,126538135.0
316,1589587200.0,0.0025004999999999997,0.0025345,0.0024728,0.0025098,82487862.0
317,1589673600.0,0.0025084,0.0025800000000000003,0.002502,0.0025331,103697263.0
318,1589760000.0,0.002525,0.0025899,0.0024987,0.0025379,93527053.0
319,1589846400.0,0.00254,0.0025775,0.0024903,0.0025487,90146889.0
320,1589932800.0,0.0025394,0.0025659999999999997,0.0024587999999999997,0.0025001999999999997,152417725.0
321,1590019200.0,0.0025012,0.0025513999999999997,0.0024215,0.0024774,205051270.0
322,1590105600.0,0.002477,0.00255,0.0024627,0.0025174999999999998,107093984.0
323,1590192000.0,0.0025199,0.0025631,0.0024936,0.0025271,160030526.0
324,1590278400.0,0.0025356,0.0025629999999999997,0.002435,0.0024461,160499199.0
325,1590364800.0,0.0024379,0.002548,0.0024200000000000003,0.0025323999999999998,280489252.0
326,1590451200.0,0.0025250999999999997,0.0025329,0.0024571,0.0024781,186936703.0
327,1590537600.0,0.0024779999999999997,0.0025185999999999997,0.0024499,0.0024998,176177359.0
328,1590624000.0,0.0024998,0.0025599,0.0024816,0.002523,256317241.0
329,1590710400.0,0.0025265,0.0025533,0.0024995,0.0025303,142622163.0
330,1590796800.0,0.0025302,0.0026298999999999997,0.002526,0.0026179999999999997,217499962.0
331,1590883200.0,0.0026181,0.0026822,0.0025429999999999997,0.0025599,164715811.0
332,1590969600.0,0.0025491999999999997,0.0027,0.0024997,0.0026452,291813951.0
333,1591056000.0,0.0026565,0.0026647,0.0024695999999999997,0.0025666,325981114.0
334,1591142400.0,0.002561,0.002596,0.0025177,0.0025867,130101538.0
335,1591228800.0,0.0025805,0.0026679,0.0025656,0.002623,326193437.0
336,1591315200.0,0.002623,0.0026287999999999997,0.0025800000000000003,0.0025907,114071897.0
337,1591401600.0,0.0025834,0.0025999,0.0025507,0.0025926,101549796.0
338,1591488000.0,0.0025899,0.0026135,0.00255,0.0025987,132911616.0
339,1591574400.0,0.0025911999999999997,0.0026038,0.0025505,0.0025786,121989865.0
340,1591660800.0,0.0025848,0.0025888,0.00249,0.0025586,116938419.0
341,1591747200.0,0.0025586,0.0025953,0.0025409,0.0025761,113128228.0
342,1591833600.0,0.0025800000000000003,0.0025938,0.0023801,0.0024462999999999998,169023974.0
343,1591920000.0,0.0024462999999999998,0.002525,0.0024351,0.0025,133287436.0
344,1592006400.0,0.0025139999999999997,0.0025337999999999997,0.0024869,0.0025241,93631744.0
345,1592092800.0,0.0025134999999999997,0.0025318999999999997,0.002482,0.0024971999999999998,65658290.0
346,1592179200.0,0.0024886,0.0024941,0.0023963,0.0024743,147058752.0
347,1592265600.0,0.0024701,0.0024998999999999998,0.0024086999999999997,0.0024855,219496367.0
348,1592352000.0,0.0024855999999999997,0.0025023999999999997,0.0024445,0.0024806,136091681.0
349,1592438400.0,0.0024787999999999998,0.0024919,0.0024322,0.0024575,59137982.0
350,1592524800.0,0.002457,0.0024679999999999997,0.0024256,0.0024399,84566591.0
351,1592611200.0,0.0024399,0.0024516,0.0023921,0.0024419,59266072.0
352,1592697600.0,0.0024465999999999997,0.0024657999999999998,0.0024277,0.0024295,84555177.0
353,1592784000.0,0.0024357,0.0025001,0.0024319999999999997,0.0024730999999999998,118270150.0
354,1592870400.0,0.0024828,0.0024909,0.0024614999999999997,0.0024686,96686433.0
355,1592956800.0,0.0024775,0.0024866999999999997,0.0023772,0.0024193,124832546.0
356,1593043200.0,0.0024246999999999997,0.0024288,0.002378,0.0024081,73502899.0
357,1593129600.0,0.0024111,0.002417,0.0023465,0.0023593,69665977.0
358,1593216000.0,0.0023515,0.0023634999999999997,0.0022700000000000003,0.0023044999999999997,94867690.0
359,1593302400.0,0.0023041,0.0023458999999999997,0.0022784,0.0023141999999999998,116394661.0
360,1593388800.0,0.0023194,0.00233,0.0022908,0.0023076999999999998,85385099.0
361,1593475200.0,0.002303,0.0023257,0.0022821,0.0023185,58330225.0
362,1593561600.0,0.0023101,0.0023709,0.0023,0.0023203,120676078.0
363,1593648000.0,0.0023251,0.0023498,0.0022838999999999997,0.002322,97986311.0
364,1593734400.0,0.0023171999999999997,0.0023344999999999998,0.0022881999999999998,0.0023139,76387879.0
365,1593820800.0,0.0023155,0.0023312,0.0022992999999999998,0.0023011999999999998,60368775.0
366,1593907200.0,0.0023033,0.002319,0.0022787,0.0023029,88706470.0
367,1593993600.0,0.0022987999999999997,0.0026219999999999998,0.002293,0.0026192999999999998,461294907.0
368,1594080000.0,0.0026191,0.0032952999999999997,0.0025999,0.003136,3965388549.0
369,1594166400.0,0.003136,0.0055999,0.0029100000000000003,0.0047656999999999995,23657008079.0
370,1594252800.0,0.0047626,0.0050593999999999995,0.004050000000000001,0.0043213999999999995,8645375967.0
371,1594339200.0,0.0043225,0.004333399999999999,0.0034000999999999997,0.0035313,7536784753.0
372,1594425600.0,0.0035313,0.0039634,0.0034555,0.0038041,3661361202.0
373,1594512000.0,0.0038109,0.0038501,0.0035799,0.0036358,1546255634.0
374,1594598400.0,0.0036357,0.0036408,0.0029766999999999997,0.0031677,4007164536.0
375,1594684800.0,0.0031587,0.0033900000000000002,0.0030302,0.0032887999999999997,2316802022.0
376,1594771200.0,0.0032911,0.0032911,0.0030559999999999997,0.0030868,1386310052.0
377,1594857600.0,0.0030954,0.003096,0.0028525,0.0029808,2070197756.0
378,1594944000.0,0.0029808,0.0030900000000000003,0.0029169,0.0030528,1885382230.0
379,1595030400.0,0.0030528,0.00368,0.003013,0.003449,8332776850.0
380,1595116800.0,0.0034487999999999997,0.0037789,0.0033104,0.0033810999999999997,3659586603.0
381,1595203200.0,0.0033810999999999997,0.0034314999999999997,0.0031400000000000004,0.0032201,1636615889.0
382,1595289600.0,0.0032191999999999998,0.0033659,0.0031376999999999998,0.0032979,1188848956.0
383,1595376000.0,0.0032978,0.0033049999999999998,0.0032088999999999998,0.0032868,591711751.0
384,1595462400.0,0.0032917,0.0033369999999999997,0.0032597999999999998,0.0032997,792908063.0
385,1595548800.0,0.0033035,0.0033114,0.0031465,0.0032113,824558980.0
386,1595635200.0,0.0032172999999999998,0.0033433,0.0031761,0.0032475,867588133.0
387,1595721600.0,0.0032489999999999997,0.0032898,0.0031728,0.0032323,888157925.0
388,1595808000.0,0.0032373999999999997,0.0032440999999999998,0.0030019,0.0031693999999999997,1339892681.0
389,1595894400.0,0.00317,0.003225,0.0031238,0.003188,649930752.0
390,1595980800.0,0.0031885999999999998,0.0033,0.0031542,0.0031663,675383829.0
391,1596067200.0,0.0031707,0.0032500000000000003,0.0031333999999999997,0.0032281,523325865.0
392,1596153600.0,0.0032304,0.0032411999999999996,0.0031712999999999997,0.003224,632319202.0
393,1596240000.0,0.0032204,0.0039000000000000003,0.0032001,0.0037143999999999996,4298724372.0
394,1596326400.0,0.0037096,0.0037754,0.0031000000000000003,0.0033312,2337347018.0
395,1596412800.0,0.0033350999999999997,0.0034468,0.0032995,0.0033818,859800460.0
396,1596499200.0,0.0033828,0.0035746,0.0033607999999999997,0.0035458,1247440791.0
397,1596585600.0,0.0035459,0.0035870999999999998,0.003449,0.0035028,1099317757.0
398,1596672000.0,0.0035023999999999997,0.0036500000000000005,0.0034500000000000004,0.0035600000000000002,908946142.0
399,1596758400.0,0.0035602,0.003617,0.0033169999999999996,0.003496,886076044.0
400,1596844800.0,0.0034961,0.0035248999999999996,0.0033981,0.0035134,624969060.0
401,1596931200.0,0.0035179,0.00353,0.0034103,0.0034663999999999997,587442093.0
402,1597017600.0,0.0034676999999999998,0.0035559,0.0034089,0.0034952,826540351.0
403,1597104000.0,0.0034947,0.0035778,0.0033168,0.0033905999999999997,1215986149.0
404,1597190400.0,0.0033872999999999998,0.0034965,0.0033165,0.0034606,829060692.0
405,1597276800.0,0.0034598999999999997,0.0035207999999999997,0.003335,0.0034877,1141424689.0
406,1597363200.0,0.0034877,0.0035900000000000003,0.0034333999999999996,0.0035730999999999996,852114289.0
407,1597449600.0,0.0035735999999999997,0.0036243,0.0034617,0.0035328,1065565878.0
408,1597536000.0,0.0035318999999999997,0.0035583,0.0034381999999999998,0.0035302,756283319.0
409,1597622400.0,0.003526,0.0037237999999999998,0.0034927,0.0035876999999999997,1596549440.0
410,1597708800.0,0.0035821,0.0037164999999999998,0.0034297,0.003476,1122350625.0
411,1597795200.0,0.0034795,0.0035374,0.0033341,0.0034195999999999996,865075768.0
412,1597881600.0,0.0034197,0.0035042999999999997,0.0033710999999999997,0.0034398999999999996,483184322.0
413,1597968000.0,0.0034386,0.0035651,0.0033621999999999997,0.0033775999999999997,1082335183.0
414,1598054400.0,0.0033807999999999998,0.0034605,0.0033201,0.0034330999999999997,663901289.0
415,1598140800.0,0.003431,0.0034562,0.0033607,0.0033954999999999996,449353268.0
416,1598227200.0,0.0033977,0.0034689,0.0033715,0.0034116,697239432.0
417,1598313600.0,0.003407,0.0034260999999999996,0.0032091999999999997,0.0032906999999999997,804352786.0
418,1598400000.0,0.0032895999999999997,0.0033461,0.0032323,0.0032938999999999998,573094887.0
419,1598486400.0,0.0032916,0.0033078,0.0031427,0.0031996999999999998,811879341.0
420,1598572800.0,0.0032017,0.0032687,0.0031677999999999997,0.0032637,414648220.0
421,1598659200.0,0.0032635999999999997,0.0032973,0.0032285,0.0032749,443081651.0
422,1598745600.0,0.0032751,0.003348,0.003261,0.0032981,456619299.0
423,1598832000.0,0.0032981,0.0033054,0.0031841,0.0032072999999999997,792397030.0
424,1598918400.0,0.0032061,0.0032784,0.0031519,0.0032411,728992095.0
425,1599004800.0,0.0032397999999999997,0.0032626,0.0030101,0.0031160999999999997,758139570.0
426,1599091200.0,0.0031184999999999997,0.0031265,0.0027,0.0027692,1202524192.0
427,1599177600.0,0.0027703999999999997,0.0029632,0.0027006,0.0028797,1128781264.0
428,1599264000.0,0.0028788999999999998,0.0029269,0.0026785999999999997,0.002764,1058743832.0
429,1599350400.0,0.0027505,0.0028068,0.0026875,0.0027859,1165434272.0
430,1599436800.0,0.0027814,0.0028373,0.002688,0.0028151,930536034.0
431,1599523200.0,0.0028187999999999998,0.0028385999999999997,0.0026742,0.002747,602845165.0
432,1599609600.0,0.0027454999999999997,0.0028049999999999998,0.0026863,0.002779,603901405.0
433,1599696000.0,0.0027779,0.002848,0.0027522,0.0028076999999999998,589054621.0
434,1599782400.0,0.002806,0.00282,0.0027364,0.0027956,633511688.0
435,1599868800.0,0.0027952,0.0028320999999999997,0.0027600000000000003,0.0028141,538072324.0
436,1599955200.0,0.0028139999999999997,0.0028198999999999998,0.0027402999999999998,0.002783,736932793.0
437,1600041600.0,0.0027836,0.0028143,0.0027334,0.0027851,622069203.0
438,1600128000.0,0.0027876,0.0028699,0.0027751,0.0028277999999999997,837946931.0
439,1600214400.0,0.002827,0.00285,0.0027800000000000004,0.0028052999999999997,718768350.0
440,1600300800.0,0.0028079,0.0028577,0.0027624999999999998,0.0028078,708422584.0
441,1600387200.0,0.0028047,0.002815,0.0027467999999999998,0.0027892,596841059.0
442,1600473600.0,0.0027876,0.0028098999999999997,0.0027635,0.0027901,896333697.0
443,1600560000.0,0.0027917999999999997,0.0028009,0.0027234,0.0027729,893231406.0
444,1600646400.0,0.0027732,0.0028035,0.0025688,0.0025972,1374012637.0
445,1600732800.0,0.0025946,0.0026588,0.0025802,0.0026432,695672800.0
446,1600819200.0,0.0026409999999999997,0.0026493,0.0025364,0.0025444,499113155.0
447,1600905600.0,0.0025402999999999997,0.0026612,0.0025277,0.0026297,388768314.0
448,1600992000.0,0.0026297,0.0027191999999999997,0.0026146,0.0027015,513362397.0
449,1601078400.0,0.0027044,0.002761,0.0026723999999999997,0.0026972,311169397.0
450,1601164800.0,0.0026972999999999997,0.0027351,0.0026581,0.0026953999999999997,236020657.0
451,1601251200.0,0.0026988999999999997,0.002744,0.0026183,0.0026504,360127848.0
452,1601337600.0,0.0026474,0.0027048999999999997,0.0026306999999999997,0.0026727,412130695.0
453,1601424000.0,0.0026726,0.0026766999999999997,0.0026157999999999997,0.0026349999999999998,347857639.0
454,1601510400.0,0.0026360999999999997,0.002682,0.0025575,0.0026246,647138169.0
455,1601596800.0,0.0026271999999999997,0.0026273,0.0025307,0.0025902,1051902545.0
456,1601683200.0,0.0025902,0.002637,0.0025737,0.0025954999999999997,344780813.0
457,1601769600.0,0.0025964,0.00268,0.0025892999999999997,0.002633,362664249.0
458,1601856000.0,0.0026328,0.0026577,0.0025983,0.0026181999999999998,293823603.0
459,1601942400.0,0.0026200000000000004,0.0026284999999999998,0.0025686999999999997,0.002597,535191865.0
460,1602028800.0,0.0025969,0.0026111,0.0025559999999999997,0.0025895,748742886.0
461,1602115200.0,0.0025881,0.0026300000000000004,0.002541,0.0026098,612786395.0
462,1602201600.0,0.0026097,0.0026701,0.0025891,0.0026555999999999997,497901615.0
463,1602288000.0,0.002657,0.0027291,0.0026471999999999997,0.0026620999999999997,445615862.0
464,1602374400.0,0.0026582999999999997,0.0027064999999999997,0.0026498999999999997,0.0026701,251041495.0
465,1602460800.0,0.0026711,0.0027069,0.0026251,0.0026669999999999997,421633283.0
466,1602547200.0,0.0026669,0.0026745,0.0026284999999999998,0.0026385,283366623.0
467,1602633600.0,0.0026352999999999997,0.0026609,0.0026173,0.002639,216681797.0
468,1602720000.0,0.002639,0.0026390999999999997,0.0025648,0.0025953,311443948.0
469,1602806400.0,0.0025953,0.0026243,0.0025510999999999997,0.002604,445955018.0
470,1602892800.0,0.0026029,0.0026091,0.0025732999999999997,0.0025834,142653202.0
471,1602979200.0,0.0025842,0.0026054999999999997,0.0025800000000000003,0.0025873999999999997,159785875.0
472,1603065600.0,0.0025884,0.0026219999999999998,0.0025689999999999997,0.0025921,477390409.0
473,1603152000.0,0.0025919999999999997,0.0026252,0.0025792,0.0025943999999999997,417212777.0
474,1603238400.0,0.0025956,0.00266,0.002593,0.002623,436248066.0
475,1603324800.0,0.002623,0.002693,0.0026159,0.002646,323059048.0
476,1603411200.0,0.0026452999999999997,0.0026888999999999997,0.0026225,0.0026422999999999998,242563993.0
477,1603497600.0,0.0026422999999999998,0.002647,0.0026100000000000003,0.0026365,212440872.0
478,1603584000.0,0.0026354,0.0026749,0.002617,0.0026528,297054117.0
479,1603670400.0,0.0026528999999999997,0.0029115,0.002632,0.002665,1878752405.0
480,1603756800.0,0.0026658,0.0027075999999999997,0.0026149999999999997,0.0026701999999999997,577965198.0
481,1603843200.0,0.0026719,0.0026907,0.0025628,0.0025800999999999997,437955580.0
482,1603929600.0,0.0025800000000000003,0.0026117,0.0025061,0.0025732999999999997,289596529.0
483,1604016000.0,0.0025726,0.0026002,0.0025009999999999998,0.0025832999999999997,440794399.0
484,1604102400.0,0.0025832999999999997,0.0026003999999999997,0.00255,0.0025666,260150933.0
485,1604188800.0,0.0025675999999999997,0.0025859999999999998,0.0025521,0.0025745,132635410.0
486,1604275200.0,0.0025765,0.0025886999999999998,0.0025065,0.0025161999999999997,291742975.0
487,1604361600.0,0.0025164,0.002531,0.0024519,0.0025141,332644991.0
488,1604448000.0,0.0025188999999999997,0.002565,0.002486,0.002546,279402291.0
489,1604534400.0,0.0025467,0.0026769,0.0025467,0.0026347,341107854.0
490,1604620800.0,0.0026349999999999998,0.0028201,0.0026298,0.002757,922020782.0
491,1604707200.0,0.0027578,0.0028423999999999997,0.0025919999999999997,0.00267,748360033.0
492,1604793600.0,0.0026723999999999997,0.0027389999999999997,0.0026512999999999997,0.0027069999999999998,244213598.0
493,1604880000.0,0.0027069999999999998,0.0028095,0.002657,0.002672,438097273.0
494,1604966400.0,0.0026671,0.0029197999999999997,0.0026536,0.002761,807091404.0
495,1605052800.0,0.0027600999999999997,0.0029500000000000004,0.0027419,0.002758,560505263.0
496,1605139200.0,0.0027600000000000003,0.002802,0.0027253,0.0027787999999999997,209777176.0
497,1605225600.0,0.0027791,0.0028483,0.0027665999999999997,0.0028114,373289403.0
498,1605312000.0,0.0028155999999999997,0.0028239,0.002708,0.0027689,308002702.0
499,1605398400.0,0.0027730999999999997,0.0028285,0.0027221,0.0027718,323892550.0
500,1605484800.0,0.0027714999999999997,0.0030452,0.0027522,0.00289,1345726687.0
501,1605571200.0,0.0028936,0.0030093999999999997,0.0028832,0.0029398,920887323.0
502,1605657600.0,0.0029384999999999997,0.003021,0.0028100000000000004,0.0029085,1015668627.0
503,1605744000.0,0.0029089999999999997,0.0029689,0.0028549,0.0029067999999999997,567308685.0
504,1605830400.0,0.0029096,0.0030245,0.0029005,0.002987,880383945.0
505,1605916800.0,0.0029871999999999998,0.0036062,0.0029796,0.0035131999999999997,3288496045.0
506,1606003200.0,0.0035091,0.00369,0.0031506999999999998,0.0033415,2121938713.0
507,1606089600.0,0.0033415999999999997,0.0037,0.0032201,0.0036845,1981374929.0
508,1606176000.0,0.0036894,0.0042924999999999994,0.0035,0.0042591999999999994,5893223305.0
509,1606262400.0,0.0042588999999999995,0.0042978,0.003581,0.0037080999999999998,2828578294.0
510,1606348800.0,0.0037139,0.0037979,0.0029395,0.0032492,3248357755.0
511,1606435200.0,0.0032559999999999998,0.0033656,0.0030762999999999997,0.0032752,1019204144.0
512,1606521600.0,0.0032752,0.0034841,0.0032359999999999997,0.0033945,715333106.0
513,1606608000.0,0.0033946,0.0035383999999999997,0.00335,0.0034365,577062454.0
514,1606694400.0,0.0034427,0.0035954999999999997,0.0034000999999999997,0.003561,847539304.0
515,1606780800.0,0.0035597,0.0035800000000000003,0.0032275999999999997,0.0033211,1033683299.0
516,1606867200.0,0.0033239999999999997,0.0034422999999999997,0.0032641999999999997,0.0033623999999999998,591501037.0
517,1606953600.0,0.003365,0.0035480999999999998,0.003345,0.0034289999999999998,662685216.0
518,1607040000.0,0.003423,0.0034484,0.0032705,0.003283,572169239.0
519,1607126400.0,0.0032821,0.0034153,0.0032500000000000003,0.0033916999999999997,369424898.0
520,1607212800.0,0.003392,0.0034424,0.0033461,0.0033856999999999997,285729554.0
521,1607299200.0,0.0033881,0.0033985,0.0033,0.003336,312605787.0
522,1607385600.0,0.003336,0.0033623999999999998,0.0031105,0.0031723,521543481.0
523,1607472000.0,0.0031725,0.0031850999999999997,0.0030036999999999998,0.0031562,441109948.0
524,1607558400.0,0.0031563,0.0031709999999999998,0.0030589999999999997,0.0031043,268351654.0
525,1607644800.0,0.0031091,0.0031171,0.0029969,0.0030732,328458778.0
526,1607731200.0,0.0030732,0.00319,0.0030732,0.0031609,334526072.0
527,1607817600.0,0.0031631,0.0032776,0.0031479,0.0032600000000000003,374401350.0
528,1607904000.0,0.0032603999999999997,0.0032887999999999997,0.003191,0.0032259999999999997,297347285.0
529,1607990400.0,0.003225,0.0032516,0.0031611,0.0032078,273863826.0
530,1608076800.0,0.0032072999999999997,0.0034448,0.00318,0.0034183,547786094.0
531,1608163200.0,0.0034178999999999998,0.0041458,0.003404,0.003722,3421588199.0
532,1608249600.0,0.0037181999999999996,0.0039976,0.0035975,0.0038675,1409796634.0
533,1608336000.0,0.0038645999999999997,0.0040379,0.0037952,0.0039291,1386297504.0
534,1608422400.0,0.0039264,0.0047496,0.0038,0.0046381,10007395897.0
535,1608508800.0,0.0046405,0.0055000000000000005,0.004255,0.0047783999999999995,10324744428.0
536,1608595200.0,0.0047747,0.0048479,0.0043300000000000005,0.0045159,2679851524.0
537,1608681600.0,0.0045168,0.0048000000000000004,0.003623,0.0037449,2674249457.0
538,1608768000.0,0.0037560999999999996,0.0045999,0.0036599,0.0045731,1978566747.0
539,1608854400.0,0.0045753,0.0046429999999999996,0.0043660999999999995,0.0045549,1664864616.0
540,1608940800.0,0.0045607,0.0046879,0.0043963,0.0045131,1701026447.0
541,1609027200.0,0.004513,0.0048230999999999994,0.0044,0.004547,1843249775.0
542,1609113600.0,0.0045471999999999995,0.0047355,0.0045000000000000005,0.0046015,1074600031.0
543,1609200000.0,0.0046015,0.0046295,0.0042412,0.0045011999999999995,1071755865.0
544,1609286400.0,0.0044900999999999995,0.00474,0.004416499999999999,0.0046251,1118987751.0
545,1609372800.0,0.0046251,0.0047593,0.004520000000000001,0.0046708999999999995,929996060.0
546,1609459200.0,0.0046716,0.005697,0.004601,0.00568,3019717963.0
547,1609545600.0,0.0056783,0.013987999999999999,0.005523999999999999,0.0105264,46333347255.0
548,1609632000.0,0.0105245,0.014050000000000002,0.0092693,0.009820899999999999,29648808916.0
549,1609718400.0,0.009818799999999999,0.0115198,0.0076,0.009761299999999999,14328029441.0
550,1609804800.0,0.009772099999999999,0.0102822,0.0088501,0.009970000000000001,5427135672.0
551,1609891200.0,0.0099771,0.011,0.0095521,0.01042,6108894506.0
552,1609977600.0,0.0104187,0.0105735,0.0087999,0.0097439,3523998014.0
553,1610064000.0,0.0097517,0.010317999999999999,0.0088047,0.00974,2971766597.0
554,1610150400.0,0.0097475,0.010790000000000001,0.0096486,0.0101789,3706408260.0
555,1610236800.0,0.010189,0.0109155,0.0089534,0.00982,3113405972.0
556,1610323200.0,0.009816199999999999,0.0098455,0.0067094,0.0088326,5827520561.0
557,1610409600.0,0.0088104,0.009139399999999999,0.0078217,0.0080807,2526092815.0
558,1610496000.0,0.0080806,0.008700000000000001,0.007770000000000001,0.008673799999999999,1818357046.0
559,1610582400.0,0.008679,0.010100000000000001,0.0083105,0.0093907,4000190243.0
560,1610668800.0,0.0093931,0.0098443,0.0083123,0.0093525,3236586057.0
561,1610755200.0,0.0093568,0.0095675,0.0090727,0.0092374,1640096206.0
562,1610841600.0,0.0092374,0.0093957,0.008779,0.0090987,1438377582.0
563,1610928000.0,0.0090987,0.00932,0.008935,0.0091782,1156154741.0
564,1611014400.0,0.0091782,0.009675699999999999,0.008960000000000001,0.0090428,1749440421.0
565,1611100800.0,0.0090428,0.009144,0.0085,0.0090487,1162054114.0
566,1611187200.0,0.0090589,0.0091,0.0080301,0.0081581,1258982248.0
567,1611273600.0,0.0081581,0.008770799999999999,0.007563899999999999,0.0085075,1152693965.0
568,1611360000.0,0.0085092,0.008832399999999999,0.008350000000000002,0.0085779,718712164.0
569,1611446400.0,0.0085822,0.0089672,0.0085,0.008713499999999999,901503263.0
570,1611532800.0,0.0087206,0.0089172,0.0081795,0.0083509,998144121.0
571,1611619200.0,0.008334099999999999,0.0084615,0.007952299999999999,0.0082472,719489035.0
572,1611705600.0,0.0082472,0.008248199999999999,0.0072569999999999996,0.0074123999999999995,1121405247.0
573,1611792000.0,0.007410399999999999,0.0374849,0.007287999999999999,0.0364995,102989795103.0
574,1611878400.0,0.036441999999999995,0.08750000000000001,0.0313,0.0459059,109073693231.0
575,1611964800.0,0.0459059,0.0508804,0.0222001,0.028260000000000004,54559388569.0
576,1612051200.0,0.0282428,0.049484299999999995,0.026766099999999998,0.037,44577797729.0
577,1612137600.0,0.0369623,0.0438268,0.0328615,0.034817299999999995,23868437622.0
578,1612224000.0,0.0348233,0.035294,0.028770000000000004,0.0313489,11550248752.0
579,1612310400.0,0.0313489,0.039783599999999995,0.030791799999999998,0.0372597,12960787222.0
580,1612396800.0,0.0372327,0.059800000000000006,0.0358367,0.0529081,48794379017.0
581,1612483200.0,0.0528149,0.054340000000000006,0.0431516,0.0467193,16560079172.0
582,1612569600.0,0.0467527,0.0588683,0.044419099999999996,0.057655899999999996,17252485844.0
583,1612656000.0,0.0576579,0.087297,0.0531446,0.0779247,38837846298.0
584,1612742400.0,0.0779851,0.0853555,0.062221399999999996,0.0787,26384552849.0
585,1612828800.0,0.0787384,0.0838001,0.063,0.0700121,14602698981.0
586,1612915200.0,0.0700122,0.0816496,0.066,0.0725527,14156312430.0
587,1613001600.0,0.0725523,0.0755622,0.068,0.06958299999999999,6327153991.0
588,1613088000.0,0.0695853,0.07298,0.0608,0.0697675,7517732599.0
589,1613174400.0,0.06977799999999999,0.071709,0.0656,0.0662405,3844449349.0
590,1613260800.0,0.0662372,0.06646629999999999,0.055557999999999996,0.06267829999999999,8229158262.0
591,1613347200.0,0.0626878,0.06420000000000001,0.0474935,0.0565,11321001492.0
592,1613433600.0,0.056464299999999995,0.059845199999999994,0.0506003,0.053475999999999996,6643077510.0
593,1613520000.0,0.0535231,0.055109,0.0478,0.0495187,6168131231.0
594,1613606400.0,0.0494987,0.0645617,0.0489,0.0587991,13034098004.0
595,1613692800.0,0.0587991,0.059718999999999994,0.0536581,0.055033,6405564988.0
596,1613779200.0,0.055033,0.060700000000000004,0.051000000000000004,0.0541708,7359009281.0
597,1613865600.0,0.054156699999999995,0.06,0.053250000000000006,0.0560183,5548376495.0
598,1613952000.0,0.055992099999999996,0.060803699999999995,0.0461003,0.0535557,8420498923.0
599,1614038400.0,0.0536093,0.0538776,0.0413332,0.047656199999999996,5958874372.0
600,1614124800.0,0.047692,0.060585999999999994,0.0459034,0.0567911,11172353520.0
601,1614211200.0,0.0567907,0.058100000000000006,0.0495002,0.049913799999999994,4913047375.0
602,1614297600.0,0.0499157,0.052603199999999996,0.048400000000000006,0.050476799999999995,3147923785.0
603,1614384000.0,0.050472699999999995,0.0521,0.049100000000000005,0.0500725,2268877377.0
604,1614470400.0,0.0500705,0.0502426,0.0446561,0.0481582,2384823456.0
605,1614556800.0,0.0481447,0.052504999999999996,0.047858899999999996,0.0505933,2752580452.0
606,1614643200.0,0.0505754,0.05249,0.049100399999999995,0.050364,2378364146.0
607,1614729600.0,0.0504021,0.0521972,0.049955599999999996,0.0504146,1841086026.0
608,1614816000.0,0.0504337,0.051153899999999995,0.047650000000000005,0.049986499999999996,1943532071.0
609,1614902400.0,0.0499866,0.051079,0.0479661,0.049528499999999996,1714962753.0
610,1614988800.0,0.0495247,0.0525801,0.049083999999999996,0.0509588,2749264710.0
611,1615075200.0,0.050924199999999996,0.0524716,0.0504286,0.051987099999999994,1494562661.0
612,1615161600.0,0.0519481,0.06307499999999999,0.0515505,0.0629738,7572972187.0
613,1615248000.0,0.06295819999999999,0.0630025,0.056,0.057911699999999997,4412560062.0
614,1615334400.0,0.0579432,0.0587592,0.0545,0.0558692,2390746818.0
615,1615420800.0,0.0558831,0.05698,0.0542647,0.055928599999999995,1647182774.0
616,1615507200.0,0.055911699999999995,0.057,0.054050999999999995,0.0552731,1821925239.0
617,1615593600.0,0.0552769,0.063,0.0546635,0.0627892,3660176589.0
618,1615680000.0,0.0627887,0.0636789,0.058170000000000006,0.058220999999999995,5115194076.0
619,1615766400.0,0.058220999999999995,0.059774499999999994,0.055,0.056969099999999995,2409422648.0
620,1615852800.0,0.057015199999999995,0.0591427,0.0552668,0.0586507,2003574159.0
621,1615939200.0,0.0586389,0.058958399999999994,0.056531399999999996,0.057892,1162146770.0
622,1616025600.0,0.0578925,0.0592896,0.0568896,0.0573485,1338098958.0
623,1616112000.0,0.057362899999999994,0.0599,0.056374099999999996,0.0582472,1691688848.0
624,1616198400.0,0.0582624,0.060625,0.05797000000000001,0.0588186,1939829246.0
625,1616284800.0,0.0588396,0.0595555,0.0567,0.0574781,1204263965.0
626,1616371200.0,0.0574888,0.0579777,0.0544234,0.054888,1270766976.0
627,1616457600.0,0.0548901,0.0561052,0.0525963,0.053353199999999996,1437944729.0
628,1616544000.0,0.053423399999999996,0.056799499999999996,0.05075,0.0514996,1666398121.0
629,1616630400.0,0.0514996,0.0524498,0.0495798,0.051266,1665397693.0
630,1616716800.0,0.051266,0.054037999999999996,0.051232,0.053931,873797527.0
631,1616803200.0,0.0539203,0.055450000000000006,0.053385999999999996,0.054436,1176365221.0
632,1616889600.0,0.054422,0.054900000000000004,0.0529496,0.0536656,675382127.0
633,1616976000.0,0.0536634,0.0547123,0.053202,0.054124,977387405.0
634,1617062400.0,0.054124,0.055626699999999994,0.053328,0.054000299999999994,1399307591.0
635,1617148800.0,0.0540014,0.0545,0.051342399999999996,0.053769899999999995,1085164149.0
636,1617235200.0,0.0537835,0.07135000000000001,0.053499899999999996,0.062151,15196782736.0
637,1617321600.0,0.062150899999999995,0.062905,0.0572,0.057584899999999994,3415466916.0
638,1617408000.0,0.0575887,0.059551599999999996,0.0555,0.0555113,2066362739.0
639,1617494400.0,0.0555,0.058218099999999995,0.0550864,0.057394299999999995,1563798693.0
640,1617580800.0,0.0573806,0.060706899999999994,0.0562315,0.059999199999999996,2638868932.0
641,1617667200.0,0.0599779,0.066,0.0579904,0.0644047,4762148739.0
642,1617753600.0,0.0644047,0.06744,0.057126699999999996,0.0587769,4840051853.0
643,1617840000.0,0.058776999999999996,0.062324,0.0586319,0.0617838,1745571706.0
644,1617926400.0,0.0617837,0.06427329999999999,0.060471199999999996,0.0615878,2149603024.0
645,1618012800.0,0.0616103,0.0657518,0.0609445,0.0637167,2780510108.0
646,1618099200.0,0.0637167,0.08,0.06339589999999999,0.07433000000000001,14967931146.0
647,1618185600.0,0.0743335,0.0754791,0.0685,0.0707343,4300356226.0
648,1618272000.0,0.0707001,0.09622549999999999,0.07064089999999999,0.094402,13605840277.0
649,1618358400.0,0.0944011,0.14539549999999998,0.09211799999999999,0.1214329,36680989724.0
650,1618444800.0,0.1214319,0.19189219999999999,0.1197878,0.1823599,24615971220.0
651,1618531200.0,0.1825003,0.45,0.1791,0.3654434,57510545356.0
652,1618617600.0,0.3653855,0.38125000000000003,0.231,0.2822532,24857057931.0
653,1618704000.0,0.2824945,0.35100000000000003,0.23970000000000002,0.3223299,18379866877.0
654,1618790400.0,0.3225953,0.435546,0.308,0.40890299999999996,20873394140.0
655,1618876800.0,0.4088997,0.4246216,0.27,0.3173205,20969142688.0
656,1618963200.0,0.3173205,0.347661,0.29600519999999997,0.30582509999999996,9460395395.0
657,1619049600.0,0.3058074,0.3093988,0.253,0.2606615,11176311081.0
658,1619136000.0,0.2606616,0.2695,0.1597278,0.2498155,16319564730.0
659,1619222400.0,0.2499997,0.28999,0.2278,0.27,10626242110.0
660,1619308800.0,0.2700802,0.289296,0.224,0.25159000000000004,5726007353.400007
661,1619395200.0,0.25159000000000004,0.28077,0.247,0.27161,4881379028.599999
662,1619481600.0,0.27161,0.27994,0.2644,0.27232,3367212939.4
663,1619568000.0,0.27227,0.34800000000000003,0.25511,0.32311,13418044375.099983
664,1619654400.0,0.32321000000000005,0.32604000000000005,0.29550000000000004,0.30479,4149329330.7999964
665,1619740800.0,0.30479,0.34,0.30213,0.33746000000000004,4042637011.8000016
666,1619827200.0,0.33746000000000004,0.3975,0.32756,0.39087000000000005,7062340392.199996
667,1619913600.0,0.39086000000000004,0.39999,0.362,0.37397,5092764030.099997
668,1620000000.0,0.37459000000000003,0.4479,0.37386,0.44142000000000003,6428014853.900001
669,1620086400.0,0.44142000000000003,0.6118600000000001,0.39790000000000003,0.53854,21282557921.89998
670,1620172800.0,0.53854,0.6966300000000001,0.51668,0.654,19076895175.69999
671,1620259200.0,0.654,0.665,0.54,0.58106,8546432048.699998
672,1620345600.0,0.58099,0.733,0.51717,0.6898200000000001,12586268621.300009
673,1620432000.0,0.6898200000000001,0.7399500000000001,0.6000000000000001,0.6370800000000001,11387955620.799992
674,1620518400.0,0.6370800000000001,0.7000900000000001,0.41600000000000004,0.5706300000000001,26072068895.99998
675,1620604800.0,0.57082,0.5726,0.41844000000000003,0.45074000000000003,9677354634.400005
676,1620691200.0,0.4505,0.5485,0.4429,0.49326000000000003,7553577270.200005
677,1620777600.0,0.49353,0.522,0.38203000000000004,0.3916,5372061299.599997
678,1620864000.0,0.39142000000000005,0.52,0.3516,0.48945000000000005,10449387293.899992
679,1620950400.0,0.48927000000000004,0.59,0.46412000000000003,0.55971,10623296337.000021
680,1621036800.0,0.5599000000000001,0.56405,0.49009,0.5085500000000001,5232752313.500009
681,1621123200.0,0.50838,0.5489,0.45,0.5137,5377121653.3
682,1621209600.0,0.51371,0.5162,0.45555,0.48750000000000004,4268994077.0999985
683,1621296000.0,0.48745000000000005,0.51536,0.46783,0.47574000000000005,3039758659.2
684,1621382400.0,0.47574000000000005,0.47940000000000005,0.21111000000000002,0.32945,11489907654.400015
685,1621468800.0,0.32972,0.435,0.29402,0.39758000000000004,8529470589.599997
686,1621555200.0,0.39747000000000005,0.41198,0.31357,0.35778000000000004,5243254333.500003
687,1621641600.0,0.35778000000000004,0.364,0.31672,0.34199,3793145642.699999
688,1621728000.0,0.34199,0.35094000000000003,0.24782,0.30633000000000005,5634274411.299994
689,1621814400.0,0.30623,0.375,0.29511000000000004,0.36589000000000005,4854625486.100005
690,1621900800.0,0.36589000000000005,0.38,0.32141000000000003,0.34598,3709319825.900006
691,1621987200.0,0.34597000000000006,0.36671000000000004,0.33632,0.35284000000000004,2385684153.7
692,1622073600.0,0.35291,0.35309,0.327,0.33403000000000005,1794158136.599999
693,1622160000.0,0.33404,0.34754,0.30052,0.31123,2620384686.799999
694,1622246400.0,0.31122000000000005,0.31794,0.28,0.3028,2016681043.3999982
695,1622332800.0,0.30273,0.31079,0.28653,0.30179,1514854219.6000028
696,1622419200.0,0.30179,0.32991000000000004,0.29386,0.32557,1897905257.3999975
697,1622505600.0,0.32558000000000004,0.38476000000000005,0.31121000000000004,0.37006000000000006,4488851727.399999
698,1622592000.0,0.37007,0.44834,0.3511,0.42338000000000003,8351828077.500002
699,1622678400.0,0.42344000000000004,0.442,0.37722000000000006,0.40078,5070741840.7000065
700,1622764800.0,0.40078,0.40249,0.35000000000000003,0.37628,4035854544.899998
701,1622851200.0,0.37628,0.395,0.35974,0.3713,2396911157.1
702,1622937600.0,0.3713,0.37703000000000003,0.36634000000000005,0.37143000000000004,1194622755.9999974
703,1623024000.0,0.37143000000000004,0.37999000000000005,0.3275,0.33146000000000003,2064211543.4000013
704,1623110400.0,0.3315,0.34183,0.29526,0.32586000000000004,2908803652.9000025
705,1623196800.0,0.32592000000000004,0.3548,0.31227000000000005,0.34318000000000004,2068160058.9999983
706,1623283200.0,0.34323000000000004,0.34515,0.3225,0.32606,1348789846.4999998
707,1623369600.0,0.32613000000000003,0.33380000000000004,0.31069,0.31870000000000004,1204137023.3999994
708,1623456000.0,0.31874,0.31932000000000005,0.30000000000000004,0.31216000000000005,1217468360.1000006
709,1623542400.0,0.31221000000000004,0.33,0.30744000000000005,0.32394,1042596039.7999994
710,1623628800.0,0.32392000000000004,0.33777,0.32,0.32767,1310349921.8999994
711,1623715200.0,0.32769000000000004,0.33069000000000004,0.31642000000000003,0.32028,1015598512.0999997
712,1623801600.0,0.32025000000000003,0.32146,0.30505000000000004,0.30775,888434880.8999993
713,1623888000.0,0.30774,0.31413,0.30260000000000004,0.30619,680701230.1999997
714,1623974400.0,0.30619,0.30766000000000004,0.28,0.29328000000000004,1314700190.7
715,1624060800.0,0.29321,0.29791,0.28558,0.28567000000000004,624846001.399999
716,1624147200.0,0.28563000000000005,0.28988,0.2551,0.28054,1528605029.4999995
717,1624233600.0,0.28054,0.28138,0.16490000000000002,0.17873000000000003,7023706752.600006
718,1624320000.0,0.17873000000000003,0.2174,0.16322,0.19072000000000003,7520083611.800003
719,1624406400.0,0.19075,0.2485,0.18046,0.23468000000000003,5839514040.000005
720,1624492800.0,0.23475000000000001,0.26953000000000005,0.222,0.26377,3579998951.2000027
721,1624579200.0,0.26374000000000003,0.28959,0.22886,0.23745000000000002,5942192455.499993
722,1624665600.0,0.23748000000000002,0.2554,0.23057000000000002,0.24583000000000002,2653188955.6000047
723,1624752000.0,0.24583000000000002,0.26753000000000005,0.24002,0.2645,1968559379.5999975
724,1624838400.0,0.26462,0.26735000000000003,0.2505,0.25707,1734504424.799998
725,1624924800.0,0.25709000000000004,0.27573000000000003,0.25248000000000004,0.26349,1927372368.0999987
726,1625011200.0,0.26349,0.26391000000000003,0.23778000000000002,0.25391,1610075649.0000024
727,1625097600.0,0.2539,0.2614,0.23817000000000002,0.24381000000000003,2253058516.8999968
728,1625184000.0,0.24380000000000002,0.24916000000000002,0.23839000000000002,0.24505000000000002,1081847381.6000004
729,1625270400.0,0.24498000000000003,0.25039,0.242,0.24636000000000002,759251070.1000006
730,1625356800.0,0.24634000000000003,0.253,0.24324,0.24643,823044174.7000014
731,1625443200.0,0.24636000000000002,0.249,0.22547000000000003,0.2311,1181584860.3000011
732,1625529600.0,0.23117000000000001,0.24230000000000002,0.22931,0.23417000000000002,981368400.4999994
733,1625616000.0,0.23418000000000003,0.23862000000000003,0.22084,0.22386000000000003,952129896.6000006
734,1625702400.0,0.22386000000000003,0.22481,0.20148000000000002,0.2069,1487061330.1
735,1625788800.0,0.20708000000000001,0.22986,0.19521000000000002,0.21963000000000002,2291127903.500001
736,1625875200.0,0.21966000000000002,0.22812000000000002,0.2097,0.21375000000000002,919482894.499999
737,1625961600.0,0.21376,0.21917000000000003,0.21061000000000002,0.21597000000000002,551263176.4000001
738,1626048000.0,0.21597000000000002,0.219,0.20394,0.20775000000000002,805441341.2000011
739,1626134400.0,0.20776000000000003,0.20893,0.19749000000000003,0.19997,916221269.9000005
740,1626220800.0,0.19995000000000002,0.20479000000000003,0.18725000000000003,0.19761,1247947078.3999987
741,1626307200.0,0.19759000000000002,0.20089,0.18051,0.18534,966797093.299999
742,1626393600.0,0.18534,0.18833000000000003,0.17118000000000003,0.17202,1185633674.1999996
743,1626480000.0,0.17203000000000002,0.2053,0.16884000000000002,0.18734,2572720766.899998
744,1626566400.0,0.18738000000000002,0.19605000000000003,0.18019000000000002,0.18157,1344894101.6000018
745,1626652800.0,0.18156000000000003,0.18429,0.17025,0.17362000000000002,1079953391.3999996
746,1626739200.0,0.17362000000000002,0.17997000000000002,0.15988000000000002,0.17047,1865041957.1999958
747,1626825600.0,0.17048000000000002,0.21442000000000003,0.16836,0.19046000000000002,4505979384.200003
748,1626912000.0,0.19045,0.19646000000000002,0.18632,0.19123,1393922167.4999979
749,1626998400.0,0.19119000000000003,0.19977,0.18292000000000003,0.19489,1352326692.3999994
750,1627084800.0,0.19490000000000002,0.20450000000000002,0.19117,0.19688000000000003,1627615706.2000024
751,1627171200.0,0.19689,0.20076000000000002,0.19105000000000003,0.19793000000000002,1122436168.5999987
752,1627257600.0,0.19788000000000003,0.23314000000000001,0.19679000000000002,0.20362000000000002,4546455511.800001
753,1627344000.0,0.20363,0.20950000000000002,0.19506,0.20585,2030159664.3999996
754,1627430400.0,0.20586000000000002,0.21386000000000002,0.20161,0.20574,1698684418.6000016
755,1627516800.0,0.20571,0.20664000000000002,0.2003,0.20502,875707720.7999988
756,1627603200.0,0.20503000000000002,0.21065,0.19587000000000002,0.20873000000000003,1260492016.2999978
757,1627689600.0,0.20872000000000002,0.21450000000000002,0.20476000000000003,0.20765000000000003,1177482439.7000034
758,1627776000.0,0.20764000000000002,0.21799000000000002,0.20082000000000003,0.20424,1550637730.2000024
759,1627862400.0,0.20420000000000002,0.20998000000000003,0.2018,0.20327,896401081.300001
760,1627948800.0,0.20325000000000001,0.2051,0.19310000000000002,0.19626000000000002,977103235.0999994
761,1628035200.0,0.19626000000000002,0.20326000000000002,0.19416000000000003,0.20153000000000001,873261017.3999996
762,1628121600.0,0.20152,0.20258,0.1943,0.20095000000000002,946707300.5999994
763,1628208000.0,0.20094,0.212,0.19841,0.20482000000000003,1263420290.3999968
764,1628294400.0,0.20482000000000003,0.26280000000000003,0.20358,0.26189,5158338816.199997
765,1628380800.0,0.26184,0.28377,0.23500000000000001,0.23996,5791158603.499995
766,1628467200.0,0.23996,0.26666,0.23048000000000002,0.25609000000000004,3702865258.5999985
767,1628553600.0,0.2561,0.26321,0.24513000000000001,0.25732000000000005,2588076619.6000004
768,1628640000.0,0.25734,0.28295000000000003,0.25626000000000004,0.26445,3712761104.699998
769,1628726400.0,0.26448000000000005,0.2949,0.25165000000000004,0.26401,3923287429.799994
770,1628812800.0,0.26405,0.28756000000000004,0.26121,0.28667000000000004,2142420241.2999969
771,1628899200.0,0.2867,0.29864,0.2757,0.29402,3131790645.400004
772,1628985600.0,0.29399000000000003,0.34950000000000003,0.2862,0.33984000000000003,4964816125.000005
773,1629072000.0,0.33996000000000004,0.3517,0.31001,0.31956,4130699106.7999935
774,1629158400.0,0.31946,0.34021,0.29452,0.29933000000000004,3520234606.499997
775,1629244800.0,0.2993,0.325,0.2775,0.3032,4089557667.200004
776,1629331200.0,0.30321000000000004,0.31943000000000005,0.29355000000000003,0.31778,2386616242.4999933
777,1629417600.0,0.31777000000000005,0.33640000000000003,0.31373,0.32733,2177517962.300002
778,1629504000.0,0.32733,0.33,0.31313,0.31662,1751965697.2000031
779,1629590400.0,0.31666000000000005,0.32159000000000004,0.305,0.31467,1401118643.7999988
780,1629676800.0,0.31467,0.328,0.3128,0.31783,1842154214.4000046
781,1629763200.0,0.31775000000000003,0.31968,0.27433,0.28864,2336380653.800004
782,1629849600.0,0.28862000000000004,0.29789000000000004,0.27948,0.29255000000000003,1658742148.799999
783,1629936000.0,0.29254,0.29645000000000005,0.2641,0.2684,1401204832.0999997
784,1630022400.0,0.2684,0.29510000000000003,0.265,0.2944,1345067751.7
785,1630108800.0,0.2944,0.2995,0.28300000000000003,0.28600000000000003,813242385.1
786,1630195200.0,0.28600000000000003,0.2918,0.27640000000000003,0.28090000000000004,758831427.0
787,1630281600.0,0.28090000000000004,0.29050000000000004,0.26980000000000004,0.272,994923907.0
788,1630368000.0,0.27190000000000003,0.28600000000000003,0.2696,0.2781,994391602.0
789,1630454400.0,0.2782,0.295,0.2728,0.2943,1077645215.0
790,1630540800.0,0.2944,0.31,0.2917,0.2947,1859879704.7
791,1630627200.0,0.29460000000000003,0.3047,0.28700000000000003,0.29610000000000003,1248795134.0
792,1630713600.0,0.29610000000000003,0.30870000000000003,0.2929,0.2992,1170386591.0
793,1630800000.0,0.2993,0.3155,0.296,0.3143,1273101183.7000003
794,1630886400.0,0.3144,0.3199,0.2997,0.309,1327741283.1
795,1630972800.0,0.30910000000000004,0.3114,0.21450000000000002,0.25520000000000004,4143609594.1000004
796,1631059200.0,0.2553,0.2635,0.23320000000000002,0.25670000000000004,2036725778.0
797,1631145600.0,0.2566,0.2597,0.24860000000000002,0.2525,972908690.0
798,1631232000.0,0.2525,0.262,0.2353,0.23970000000000002,1039971873.0
799,1631318400.0,0.2398,0.2479,0.2376,0.241,574961334.0
800,1631404800.0,0.241,0.2551,0.23870000000000002,0.25020000000000003,824439503.0
801,1631491200.0,0.2504,0.2523,0.2281,0.2358,1194502511.0
802,1631577600.0,0.2359,0.2417,0.2335,0.2406,600777341.0
803,1631664000.0,0.2406,0.2484,0.2388,0.24760000000000001,624731884.0
804,1631750400.0,0.2477,0.2479,0.23290000000000002,0.24180000000000001,767085717.0
805,1631836800.0,0.2419,0.2599,0.2373,0.2401,1532347235.0
806,1631923200.0,0.2401,0.2474,0.2379,0.24130000000000001,532008968.0
807,1632009600.0,0.2414,0.24150000000000002,0.23070000000000002,0.2331,486273037.0
808,1632096000.0,0.2331,0.2335,0.1988,0.2086,1842218251.9
809,1632182400.0,0.2086,0.2185,0.1976,0.20090000000000002,1475472637.8
810,1632268800.0,0.2008,0.23040000000000002,0.19990000000000002,0.2245,1505717159.7
811,1632355200.0,0.22440000000000002,0.2273,0.2175,0.22460000000000002,809134784.0
812,1632441600.0,0.2245,0.2291,0.1965,0.2091,1446332143.9
813,1632528000.0,0.2092,0.214,0.2043,0.2083,648108334.0
814,1632614400.0,0.2084,0.2089,0.194,0.20500000000000002,778024870.7
815,1632700800.0,0.20500000000000002,0.2093,0.1996,0.19970000000000002,447272392.0
816,1632787200.0,0.1998,0.20270000000000002,0.196,0.1965,478010126.0
817,1632873600.0,0.1966,0.2043,0.19460000000000002,0.19870000000000002,508197881.0
818,1632960000.0,0.19870000000000002,0.20600000000000002,0.1976,0.20420000000000002,525345573.0
819,1633046400.0,0.2043,0.2253,0.2018,0.22260000000000002,1029403020.0
820,1633132800.0,0.2227,0.225,0.2151,0.2185,726979560.0
821,1633219200.0,0.21860000000000002,0.22660000000000002,0.2155,0.2218,697996641.0
822,1633305600.0,0.2218,0.249,0.2119,0.2414,3281218340.0
823,1633392000.0,0.24150000000000002,0.268,0.2325,0.2516,3796153741.0
824,1633478400.0,0.25170000000000003,0.27190000000000003,0.2422,0.2541,3681509190.0
825,1633564800.0,0.25420000000000004,0.257,0.23570000000000002,0.24280000000000002,2142393485.0
826,1633651200.0,0.2429,0.2549,0.2414,0.2441,1381822126.0
827,1633737600.0,0.2442,0.25270000000000004,0.24070000000000003,0.2467,1073585552.0
828,1633824000.0,0.2467,0.2487,0.226,0.2288,977648960.0
829,1633910400.0,0.22870000000000001,0.2394,0.22490000000000002,0.23120000000000002,1072711057.0
830,1633996800.0,0.23120000000000002,0.2318,0.216,0.22610000000000002,1030470079.0
831,1634083200.0,0.226,0.23420000000000002,0.22030000000000002,0.2326,1044380785.0
832,1634169600.0,0.2325,0.2403,0.2311,0.2325,1098049682.0
833,1634256000.0,0.2325,0.2436,0.22390000000000002,0.234,1457540715.0
834,1634342400.0,0.2341,0.2459,0.23370000000000002,0.23720000000000002,1224144433.0
835,1634428800.0,0.2373,0.2421,0.2252,0.2378,1210409235.0
836,1634515200.0,0.23770000000000002,0.273,0.23700000000000002,0.2474,4909224967.0
837,1634601600.0,0.2474,0.255,0.2399,0.2454,1415459318.0
838,1634688000.0,0.2454,0.262,0.2421,0.2548,1638568849.0
839,1634774400.0,0.2548,0.2584,0.23820000000000002,0.2424,1573673715.0
840,1634860800.0,0.24250000000000002,0.2549,0.23520000000000002,0.2446,1553243637.0
841,1634947200.0,0.2446,0.254,0.24,0.2511,1258590627.0
842,1635033600.0,0.2511,0.2832,0.2457,0.2756,4887922846.0
843,1635120000.0,0.2757,0.2805,0.2585,0.265,2939595763.0
844,1635206400.0,0.2651,0.2743,0.252,0.25570000000000004,2132159610.0
845,1635292800.0,0.2558,0.2636,0.2169,0.2358,1558019497.0
